1,アラタキ,Assets/Resources/Textures/Chara/1 (1).png
2,アルハイゼン,Assets/Resources/Textures/Chara/1 (2).png
3,アヤカ,Assets/Resources/Textures/Chara/1 (3).png
4,アヤト,Assets/Resources/Textures/Chara/1 (4).png
5,ビャクジュツ,Assets/Resources/Textures/Chara/1 (5).png
6,クレー,Assets/Resources/Textures/Chara/1 (6).png
7,ディルック,Assets/Resources/Textures/Chara/1 (7).png
8,エウルア,Assets/Resources/Textures/Chara/1 (8).png
9,カンウ,Assets/Resources/Textures/Chara/1 (9).png
10,フータオ,Assets/Resources/Textures/Chara/1 (10).png
11,ジン,Assets/Resources/Textures/Chara/1 (11).png
12,スカラマシュ,Assets/Resources/Textures/Chara/1 (12).png
13,カズハ,Assets/Resources/Textures/Chara/1 (13).png
14,ココミ,Assets/Resources/Textures/Chara/1 (14).png
15,コクセイ,Assets/Resources/Textures/Chara/1 (15).png
16,リネ,Assets/Resources/Textures/Chara/1 (16).png
17,ミコ,Assets/Resources/Textures/Chara/1 (17).png
18,モナ,Assets/Resources/Textures/Chara/1 (18).png
19,ナヒーダ,Assets/Resources/Textures/Chara/1 (19).png
20,ナナ,Assets/Resources/Textures/Chara/1 (20).png
21,ニーロウ,Assets/Resources/Textures/Chara/1 (21).png
22,セノ,Assets/Resources/Textures/Chara/1 (22).png
23,ショウリ,Assets/Resources/Textures/Chara/1 (23).png
24,シンカク,Assets/Resources/Textures/Chara/1 (24).png
25,ライデン,Assets/Resources/Textures/Chara/1 (25).png
26,アルベド,Assets/Resources/Textures/Chara/1 (26).png
27,タルタリア,Assets/Resources/Textures/Chara/1 (27).png
28,ティナリ,Assets/Resources/Textures/Chara/1 (28).png
29,ウェンティ,Assets/Resources/Textures/Chara/1 (29).png
30,ショウ,Assets/Resources/Textures/Chara/1 (30).png
31,イェラン,Assets/Resources/Textures/Chara/1 (31).png
32,ヨイミヤ,Assets/Resources/Textures/Chara/1 (32).png
